,cascading_failure,collective_anomaly,communication_loss,contextual_anomaly,cooling_failure,increasing_error_rate,persistent_anomaly,point_anomaly,sensor_freeze,temperature_drift,voltage_spike
alarm_baseline,0.06,0.0,1.0,0.0,0.292,0.822,0.478,0.5,0.0,0.367,1.0
isolation_forest,0.247,0.668,1.0,0.122,0.435,0.86,0.002,0.0,1.0,0.352,0.1
dbscan,0.375,1.0,0.32,0.088,0.651,0.94,0.123,1.0,0.993,0.439,1.0
pca,0.371,1.0,1.0,0.064,0.349,0.757,0.06,1.0,1.0,0.197,1.0
kmeans,0.371,1.0,1.0,0.068,0.455,0.902,0.063,1.0,1.0,0.142,1.0
gmm,0.375,1.0,1.0,0.12,0.794,0.966,0.547,1.0,1.0,0.793,1.0
random_forest,,,1.0,0.459,,1.0,0.0,0.667,1.0,0.735,0.0
xgboost,,,1.0,0.01,,1.0,0.0,0.333,1.0,0.669,0.0
lightgbm,,,1.0,0.034,,1.0,0.0,0.0,1.0,0.708,0.0
catboost,,,1.0,0.0,,1.0,0.0,0.0,0.913,0.448,0.0
logistic_regression,,,1.0,0.034,,1.0,0.0,1.0,1.0,0.788,0.0
svm,,,1.0,0.036,,1.0,0.0,0.667,1.0,0.501,0.333
autoencoder,0.367,0.956,0.545,0.144,0.325,0.907,0.0,1.0,0.782,0.032,0.0
lstm_unsupervised,0.367,0.991,0.778,0.151,0.325,0.865,0.054,1.0,0.993,0.032,0.15
transformer,0.396,0.991,0.986,0.173,0.426,0.933,0.0,1.0,1.0,0.284,0.0
vae,0.364,0.991,0.655,0.11,0.335,0.848,0.005,1.0,0.972,0.177,0.0
usad,0.371,0.991,0.543,0.143,0.325,0.904,0.0,1.0,0.81,0.034,0.0
omnianomaly,0.371,0.987,1.0,0.014,0.56,0.962,0.295,1.0,1.0,0.222,0.4
gan,0.201,0.0,0.504,0.032,0.244,0.238,0.009,0.167,0.0,0.202,0.0
