model,family,train_time_s,predict_time_s,rows_per_s,precision,recall,f1,roc_auc,pr_auc,pa_f1,threshold,fp,fn,peak_mem_mb
isolation_forest,unsupervised,3.752,1.023,97744,0.8132,0.47,0.5957,0.8538,0.5753,0.8385,0.5107,573,2812,
dbscan,unsupervised,2.266,6.252,15995,0.5447,0.4067,0.4657,0.7119,0.3151,0.8547,2.2427,1804,3148,
pca,unsupervised,0.04,0.154,650037,0.7117,0.4453,0.5479,0.7692,0.3715,0.9173,0.198,957,2943,
kmeans,unsupervised,0.276,0.094,1064797,0.6964,0.451,0.5475,0.806,0.4111,0.9105,4.0296,1043,2913,
gmm,unsupervised,2.429,0.062,1605286,0.7613,0.6551,0.7042,0.8388,0.5644,0.8697,-11.9161,1090,1830,
random_forest,supervised,16.531,0.315,126816,0.5779,0.5516,0.5645,0.8652,0.5295,0.6272,0.245,550,612,
xgboost,supervised,6.958,0.139,287171,0.749,0.3978,0.5196,0.6646,0.4364,0.7215,0.1747,182,822,
lightgbm,supervised,5.065,0.698,57297,0.8829,0.4198,0.569,0.7564,0.4949,0.7545,0.4274,76,792,
catboost,supervised,11.682,0.03,1313569,0.9147,0.3143,0.4678,0.6929,0.3965,0.5187,0.8141,40,936,
logistic_regression,supervised,3.026,0.007,5995204,0.8263,0.4425,0.5763,0.7226,0.435,0.7399,0.7515,127,761,
svm,supervised,2.561,6.734,5940,0.9206,0.3568,0.5143,0.6722,0.4202,0.768,0.7374,42,878,
autoencoder,unsupervised,14.412,0.796,125663,0.6078,0.3447,0.4399,0.709,0.2453,0.7559,0.1756,1180,3477,
lstm_unsupervised,unsupervised,29.077,7.838,12759,0.6046,0.3948,0.4777,0.7758,0.2954,0.7612,0.2655,1370,3211,
transformer,unsupervised,143.535,8.128,12303,0.5509,0.4966,0.5224,0.8342,0.3705,0.717,0.0263,2148,2671,
vae,unsupervised,5.708,1.63,61361,0.5985,0.3995,0.4792,0.7919,0.3112,0.8018,0.3552,1422,3186,
usad,unsupervised,23.761,0.607,164709,0.6067,0.3494,0.4434,0.7283,0.255,0.7543,0.173,1202,3452,
omnianomaly,unsupervised,36.318,7.264,13766,0.8117,0.5013,0.6198,0.8341,0.5958,0.9439,-0.8779,617,2646,
gan,unsupervised,15.203,0.277,361500,0.406,0.2002,0.2681,0.5427,0.1595,0.6257,0.9699,1554,4244,
