ensemble,precision,recall,f1
(single) gmm,0.7096,0.5495,0.6193
OR[spatial(IF+PCA+GMM)],0.6046,0.5634,0.5832
(single) logistic_regression,0.8156,0.444,0.575
(single) lightgbm,0.8879,0.4176,0.568
(single) random_forest,0.5655,0.5568,0.5611
OR[top_supervised(RF+XGB+LGBM)],0.5443,0.5575,0.5509
MAJORITY[top_supervised(RF+XGB+LGBM)],0.7802,0.4212,0.5471
MAJORITY[spatial(IF+PCA+GMM)],0.749,0.3978,0.5196
(single) xgboost,0.7335,0.3993,0.5171
(single) svm,0.9041,0.359,0.5139
(single) catboost,0.8137,0.3231,0.4625
(single) pca,0.6562,0.3538,0.4598
(single) isolation_forest,0.7143,0.337,0.4579
OR[IF+OmniAnomaly],0.5912,0.3538,0.4427
OR[IF+LSTM],0.4782,0.3853,0.4268
(single) dbscan,0.4942,0.3744,0.426
MAJORITY[all_unsupervised],0.6486,0.315,0.4241
MAJORITY[hybrid(IF+LSTM+Omni)],0.8079,0.2835,0.4197
OR[hybrid(IF+LSTM+Omni)],0.438,0.3956,0.4157
(single) omnianomaly,0.6878,0.2938,0.4117
(single) vae,0.517,0.3238,0.3982
OR[all_unsupervised],0.2825,0.5971,0.3835
(single) kmeans,0.5483,0.2828,0.3731
(single) transformer,0.3993,0.3429,0.3689
(single) lstm_unsupervised,0.4163,0.2352,0.3006
(single) autoencoder,0.4231,0.2095,0.2803
(single) usad,0.421,0.2088,0.2791
(single) gan,0.2071,0.1502,0.1741
